provision_id,instrument,instrument_year,provision_type,chapter,section_or_rule,title,topic,summary,relevance_to_ayurveda,relevance_to_traditional_knowledge,relevance_to_biodiversity,relevance_to_patentability,source_url,source_reference,verification_status,notes
IN-PA-S2-1-j,Patents Act,1970,Section,I,2(1)(j),Definitions and interpretation - invention,"novelty, industrial applicability","""invention"" means a new product or process involving an inventive step and capable of industrial application.",Low,Low,Low,High,https://ipindia.gov.in/writereaddata/Portal/ev/rules/pdf/Patents_Act_1970.pdf,IP-IN-ACT-1970,Verified,Fundamental definition establishing criteria for patentability.
IN-PA-S2-1-ja,Patents Act,1970,Section,I,2(1)(ja),Definitions and interpretation - inventive step,inventive step,"""inventive step"" means a feature of an invention that involves technical advance as compared to the existing knowledge or having economic significance or both and that makes the invention not obvious to a person skilled in the art.",Medium,High,Low,High,https://ipindia.gov.in/writereaddata/Portal/ev/rules/pdf/Patents_Act_1970.pdf,IP-IN-ACT-1970,Verified,Critical for fighting patent applications that merely combine traditional knowledge.
IN-PA-S3-b,Patents Act,1970,Section,II,3(b),What are not inventions - contrary to public order/morality,exclusions from patentability,"An invention, the primary or intended use or commercial exploitation of which could be contrary to public order or morality or which causes serious prejudice to human, animal or plant life or health or to the environment.",Medium,Medium,High,High,https://ipindia.gov.in/writereaddata/Portal/ev/rules/pdf/Patents_Act_1970.pdf,IP-IN-ACT-1970,Verified,Used to protect plant life and environment.
IN-PA-S3-c,Patents Act,1970,Section,II,3(c),What are not inventions - discovery of living thing or non-living substance,"exclusions from patentability, biological material",The mere discovery of a scientific principle or the formulation of an abstract theory or discovery of any living thing or non-living substance occurring in nature.,High,Medium,High,High,https://ipindia.gov.in/writereaddata/Portal/ev/rules/pdf/Patents_Act_1970.pdf,IP-IN-ACT-1970,Verified,Directly prevents the patenting of naturally occurring medicinal plants and minerals.
IN-PA-S3-d,Patents Act,1970,Section,II,3(d),What are not inventions - mere discovery of a new form of known substance,exclusions from patentability,"The mere discovery of a new form of a known substance which does not result in the enhancement of the known efficacy of that substance or the mere discovery of any new property or new use for a known substance or of the mere use of a known process, machine or apparatus unless such known process results in a new product or employs at least one new reactant.",High,High,Medium,High,https://ipindia.gov.in/writereaddata/Portal/ev/rules/pdf/Patents_Act_1970.pdf,IP-IN-ACT-1970,Verified,Prevents patenting of new forms (like extracts) of known Ayurvedic substances unless significant efficacy enhancement is proven.
IN-PA-S3-e,Patents Act,1970,Section,II,3(e),What are not inventions - mere admixture,exclusions from patentability,A substance obtained by a mere admixture resulting only in the aggregation of the properties of the components thereof or a process for producing such substance.,High,High,Medium,High,https://ipindia.gov.in/writereaddata/Portal/ev/rules/pdf/Patents_Act_1970.pdf,IP-IN-ACT-1970,Verified,Highly relevant for traditional Ayurvedic polyherbal formulations.
IN-PA-S3-p,Patents Act,1970,Section,II,3(p),What are not inventions - traditional knowledge,"exclusions from patentability, traditional knowledge","An invention which in effect, is traditional knowledge or which is an aggregation or duplication of known properties of traditionally known component or components.",Highest,Highest,High,High,https://ipindia.gov.in/writereaddata/Portal/ev/rules/pdf/Patents_Act_1970.pdf,IP-IN-ACT-1970,Verified,The most critical section for TKDL integration. Expressly prohibits patenting of TK.
IN-PA-S10-4-d,Patents Act,1970,Section,III,10(4)(ii)(D),Contents of specifications - disclosure of biological material,"disclosure of source/geographical origin, biological material","If the applicant mentions a biological material in the specification which may not be described in such a way as to satisfy clauses (a) and (b), and if such material is not available to the public, the application shall be completed by depositing the material... and disclose the source and geographical origin of the biological material in the specification, when used in an invention.",High,Medium,Highest,High,https://ipindia.gov.in/writereaddata/Portal/ev/rules/pdf/Patents_Act_1970.pdf,IP-IN-ACT-1970,Verified,Mandates disclosure of source/origin of Indian biological resources used in inventions.
IN-PA-S11B,Patents Act,1970,Section,IV,11B,Request for examination,patent examination,No application for a patent shall be examined unless the applicant or any other interested person makes a request in the prescribed manner within the prescribed period.,Low,Low,Low,Medium,https://ipindia.gov.in/writereaddata/Portal/ev/rules/pdf/Patents_Act_1970.pdf,IP-IN-ACT-1970,Verified,Procedural context for patent processing.
IN-PA-S25-1-j,Patents Act,1970,Section,V,25(1)(j),Opposition to the patent (Pre-grant) - non-disclosure of biological material,"opposition, biological material, disclosure of source/geographical origin",Pre-grant opposition ground: that the complete specification does not disclose or wrongly mentions the source or geographical origin of biological material used for the invention.,High,Medium,Highest,Medium,https://ipindia.gov.in/writereaddata/Portal/ev/rules/pdf/Patents_Act_1970.pdf,IP-IN-ACT-1970,Verified,Enables third parties to oppose patents that fail to disclose or falsely claim source of biological material.
IN-PA-S25-1-k,Patents Act,1970,Section,V,25(1)(k),Opposition to the patent (Pre-grant) - anticipation by traditional knowledge,"opposition, traditional knowledge","Pre-grant opposition ground: that the invention so far as claimed in any claim of the complete specification is anticipated having regard to the knowledge, oral or otherwise, available within any local or indigenous community in India or elsewhere.",Highest,Highest,Medium,Medium,https://ipindia.gov.in/writereaddata/Portal/ev/rules/pdf/Patents_Act_1970.pdf,IP-IN-ACT-1970,Verified,The primary mechanism used in conjunction with TKDL to oppose bad patents prior to grant.
IN-PA-S25-2-j,Patents Act,1970,Section,V,25(2)(j),Opposition to the patent (Post-grant) - non-disclosure of biological material,"opposition, biological material, disclosure of source/geographical origin",Post-grant opposition ground (within one year): that the complete specification does not disclose or wrongly mentions the source or geographical origin of biological material used for the invention.,High,Medium,Highest,Medium,https://ipindia.gov.in/writereaddata/Portal/ev/rules/pdf/Patents_Act_1970.pdf,IP-IN-ACT-1970,Verified,Allows challenging a granted patent for biological material source failure.
IN-PA-S25-2-k,Patents Act,1970,Section,V,25(2)(k),Opposition to the patent (Post-grant) - anticipation by traditional knowledge,"opposition, traditional knowledge","Post-grant opposition ground (within one year): that the invention so far as claimed in any claim of the complete specification is anticipated having regard to the knowledge, oral or otherwise, available within any local or indigenous community in India or elsewhere.",Highest,Highest,Medium,Medium,https://ipindia.gov.in/writereaddata/Portal/ev/rules/pdf/Patents_Act_1970.pdf,IP-IN-ACT-1970,Verified,Allows challenging a granted patent based on traditional knowledge.
IN-PA-S64-1-p,Patents Act,1970,Section,XI,64(1)(p),Revocation of patents - non-disclosure of biological material,"revocation, biological material, disclosure of source/geographical origin",Ground for revocation: that the complete specification does not disclose or wrongly mentions the source or geographical origin of biological material used for the invention.,High,Medium,Highest,Medium,https://ipindia.gov.in/writereaddata/Portal/ev/rules/pdf/Patents_Act_1970.pdf,IP-IN-ACT-1970,Verified,Allows revocation of a patent at any time during its term on this ground.
IN-PA-S64-1-q,Patents Act,1970,Section,XI,64(1)(q),Revocation of patents - anticipation by traditional knowledge,"revocation, traditional knowledge","Ground for revocation: that the invention so far as claimed in any claim of the complete specification was anticipated having regard to the knowledge, oral or otherwise, available within any local or indigenous community in India or elsewhere.",Highest,Highest,Medium,Medium,https://ipindia.gov.in/writereaddata/Portal/ev/rules/pdf/Patents_Act_1970.pdf,IP-IN-ACT-1970,Verified,Allows revocation of a patent at any time during its term based on traditional knowledge.
IN-PA-S84,Patents Act,1970,Section,XVI,84,Compulsory licences,compulsory licensing,"Any person interested may make an application to the Controller for grant of compulsory licence on patent after three years from date of grant of a patent on grounds including reasonable requirements of public not satisfied, or invention is not available to public at reasonably affordable price, or invention is not worked in the territory of India.",Medium,Low,Low,Medium,https://ipindia.gov.in/writereaddata/Portal/ev/rules/pdf/Patents_Act_1970.pdf,IP-IN-ACT-1970,Verified,Can be utilized if patented medicinal products derived from TK are not accessible to the public.
IN-PA-S138,Patents Act,1970,Section,XXII,138,Supplementary provisions as to convention applications,international/PCT applications,"Provisions detailing the requirements for convention applications, including the furnishing of copies of specifications filed in convention countries and translations if not in English.",Low,Low,Low,Medium,https://ipindia.gov.in/writereaddata/Portal/ev/rules/pdf/Patents_Act_1970.pdf,IP-IN-ACT-1970,Verified,Relevant for tracking international filings that may misappropriate traditional knowledge.
IN-PR-R20,Patents Rules,2003,Rule,III,20,International applications designating or electing India,international/PCT applications,Details the procedures and timelines for entering the national phase in India for an international application filed under the Patent Cooperation Treaty (PCT).,Low,Low,Low,Medium,https://ipindia.gov.in/writereaddata/Portal/ev/rules/pdf/Patents_Rules_2003.pdf,IP-IN-RULES-2003,Verified,Critical for opposing PCT applications entering India.
IN-PR-R55,Patents Rules,2003,Rule,VI,55,Opposition to the patent (Pre-grant),opposition,Procedure for pre-grant opposition under section 25(1). Representation for opposition must be filed at the appropriate office with a statement and evidence.,Medium,Medium,Medium,Low,https://ipindia.gov.in/writereaddata/Portal/ev/rules/pdf/Patents_Rules_2003.pdf,IP-IN-RULES-2003,Verified,Governs the actual process CSIR/TKDL would use to submit evidence against an application.
IN-PR-R55A,Patents Rules,2003,Rule,VI,55A,Filing of notice of opposition (Post-grant),opposition,"The procedure for filing a notice of opposition to a granted patent under section 25(2), to be made in Form 7 and sent to the Controller in duplicate.",Medium,Medium,Medium,Low,https://ipindia.gov.in/writereaddata/Portal/ev/rules/pdf/Patents_Rules_2003.pdf,IP-IN-RULES-2003,Verified,Procedural rule for submitting a post-grant opposition.
